,CSG
'GCA_009840735.1_ASM984073v1_genomic',present
'p16x60bins.27',present
'p16x43bins.5',present
'p16x65bins.51',present
'p16x57bins.41',present
'p16x44bins.6',present
'jk18x1bzbins.75',present
'jk18x27bins.25',present
'jk18x7bins.59',present
'jk18xAbins.48',present
'p16x33bins.28',present
'p16x43bins.26',present
'jk18x8bins.7',present
'p16x57bins.45',present
'p16x65bins.40',present
'jk18x22bins.31',present
'jk18x9bins.88',present
'p16x60bins.37',present
'jk18x22bins.41',present
'p16x34bins.31',present
'jk18x34bins.12',present
'p16x60bins.55',present
'p16x44bins.53',present
'GCA_009836525.1_ASM983652v1_genomic',present
'jk18x27bins.11',present
'jk18x25bins.22',present
'jk18x11bins.24',present
'jk18x27bins.37',present
'jk18x25bins.8',present
'jk18x9bins.84',present
'jk18x34bins.29',present
'jk18x7bins.52',present
'jk18xAbins.2',present
'p16x65bins.41',present
'jk18x34bins.53',present
'p16x44bins.4',present
'p16x34bins.64',present
'p16x60bins.8',present
'jk18x25bins.9',present
'jk18x34bins.13',present
'p16x43bins.48',present
'p16x60bins.61',present
'jk18x1bzbins.41',present
'jk18x22bins.80',present
'p16x63bins.52',present
'p16x44bins.19',present
'p16x65bins.14',present
'jk18x1bzbins.81',present
'p16x33bins.2',present
'jk18xAbins.10',present
'jk18x1bzbins.11',present
'jk18x34bins.22',present
'p16x43bins.65',present
'jk18x22bins.52',present
'jk18x11bins.34',present
'p16x57bins.39',present
'jk18x22bins.60',present
'jk18x7bins.32',present
'jk18x27bins.66',present
'jk18xAbins.44',present
'jk18x25bins.5',present
'p16x43bins.54',present
'jk18x7bins.104',present
'jk18x25bins.14',present
'p16x65bins.1',present
'jk18x22bins.30',present
'p16x34bins.24',present
'jk18x27bins.27',present
'p16x57bins.13',present
'jk18x34bins.59',present
'jk18x1bzbins.61',present
'jk18x22bins.18',present
'jk18x7bins.8',present
'jk18x11bins.53',present
'jk18x9bins.20',present
'jk18x27bins.16',present
'p16x60bins.11',present
'jk18x40bins.47',present
'p16x60bins.63',present
'jk18x25bins.87',present
'p16x44bins.17',present
'jk18x9bins.12',present
'p16x33bins.5',present
'jk18x7bins.31',present
'p16x43bins.60',present
'jk18x22bins.71',present
'jk18xAbins.40',present
'jk18x1bzbins.57',present
'p16x63bins.32',present
'jk18x40bins.30',present
'jk18xAbins.31',present
'p16x43bins.66',present
'p16x60bins.32',present
'jk18x25bins.61',present
'jk18x11bins.2',present
'jk18x34bins.15',present
'jk18x11bins.48',present
'jk18x9bins.87',present
'jk18xAbins.42',present
'p16x63bins.1',present
'p16x43bins.4',present
'jk18x22bins.66',present
'jk18x34bins.43',present
'jk18x7bins.13',present
'GCA_009841545.1_ASM984154v1_genomic',present
'GCA_009840315.1_ASM984031v1_genomic',present
'GCA_009836695.1_ASM983669v1_genomic',present
'GCA_009845885.1_ASM984588v1_genomic',present
'GCA_009842405.1_ASM984240v1_genomic',present
'GCA_009839725.1_ASM983972v1_genomic',present
'GCA_009844085.1_ASM984408v1_genomic',present
'GCA_009839635.1_ASM983963v1_genomic',present
'GCA_009842505.1_ASM984250v1_genomic',present
'GCA_009836145.1_ASM983614v1_genomic',present
'GCA_009840285.1_ASM984028v1_genomic',present
'GCA_002720045.1_ASM272004v1_genomic',absent
'GCA_002699725.1_ASM269972v1_genomic',absent
'GCA_002697965.1_ASM269796v1_genomic',absent
'GCA_002699455.1_ASM269945v1_genomic',absent
'GCA_002239105.1_ASM223910v1_genomic',absent
'GCA_002702085.1_ASM270208v1_genomic',absent
'GCA_002722565.1_ASM272256v1_genomic',absent
'GCA_002708935.1_ASM270893v1_genomic',absent
'GCA_002698125.1_ASM269812v1_genomic',absent
'GCA_002719335.1_ASM271933v1_genomic',absent
'GCA_002705305.1_ASM270530v1_genomic',absent
'GCA_002238785.1_ASM223878v1_genomic',absent
'GCA_009841325.1_ASM984132v1_genomic',absent
'jk18x40bins.8',absent
'GCA_009837475.1_ASM983747v1_genomic',absent
'GCA_009836165.1_ASM983616v1_genomic',absent
'p16x63bins.58',absent
'GCA_009843915.1_ASM984391v1_genomic',absent
'p16x60bins.22',absent
'p16x34bins.51',absent
'GCA_009842315.1_ASM984231v1_genomic',absent
'jk18xAbins.52',absent
'jk18x27bins.69',absent
'jk18x9bins.28',absent
'GCA_009843735.1_ASM984373v1_genomic',absent
'jk18x34bins.36',absent
'jk18x1bzbins.74',absent
'jk18xAbins.18',absent
'jk18x22bins.20',absent
'p16x57bins.12',absent
'jk18x9bins.74',absent
'p16x33bins.34',absent
'jk18x34bins.52',absent
'p16x65bins.37',absent
'jk18x11bins.4',absent
'GCA_009838875.1_ASM983887v1_genomic',absent
'jk18x27bins.72',absent
'GCA_009842675.1_ASM984267v1_genomic',absent
'GCA_009840105.1_ASM984010v1_genomic',absent
'p16x34bins.22',absent
'GCA_009843865.1_ASM984386v1_genomic',absent
'GCA_009835395.1_ASM983539v1_genomic',absent
'jk18x40bins.18',absent
'GCA_009843525.1_ASM984352v1_genomic',absent
'jk18x1bzbins.28',absent
'jk18xAbins.26',absent
'p16x43bins.35',absent
'jk18x27bins.21',absent
'p16x63bins.43',absent
'p16x33bins.66',absent
'jk18x11bins.54',absent
'jk18x22bins.55',absent
'p16x63bins.71',absent
'p16x60bins.66',absent
'jk18x9bins.27',absent
'p16x34bins.37',absent
'GCA_009841105.1_ASM984110v1_genomic',absent
'GCA_009838635.1_ASM983863v1_genomic',absent
'p16x33bins.72',absent
'p16x65bins.30',absent
'GCA_009841075.1_ASM984107v1_genomic',absent
'GCA_009837815.1_ASM983781v1_genomic',absent
'jk18x27bins.36',absent
'GCA_009838515.1_ASM983851v1_genomic',absent
'GCA_009841225.1_ASM984122v1_genomic',absent
'jk18x1bzbins.53',absent
'jk18x25bins.60',absent
'jk18xAbins.27',absent
'jk18x40bins.51',absent
'p16x63bins.70',absent
'jk18x25bins.29',absent
'p16x34bins.10',absent
'p16x33bins.48',absent
'jk18xAbins.46',absent
'jk18x1bzbins.7',absent
'GCA_009841055.1_ASM984105v1_genomic',absent
'GCA_002700145.1_ASM270014v1_genomic',absent
'GCA_002702785.1_ASM270278v1_genomic',absent
'GCA_002698575.1_ASM269857v1_genomic',absent
'GCA_002699445.1_ASM269944v1_genomic',absent
'GCA_002699305.1_ASM269930v1_genomic',absent
'GCA_002697745.1_ASM269774v1_genomic',absent
'GCA_002708825.1_ASM270882v1_genomic',absent
'GCA_002710865.1_ASM271086v1_genomic',absent
'GCA_002698425.1_ASM269842v1_genomic',absent
'GCA_002700095.1_ASM270009v1_genomic',absent
'GCA_002723255.1_ASM272325v1_genomic',absent
'GCA_900143555.1',absent
'GCA_002722295.1_ASM272229v1_genomic',absent
'GCA_900143565.1',absent
'GCA_002689225.1_ASM268922v1_genomic',absent
'GCA_002689605.1_ASM268960v1_genomic',absent
'GCA_900149695.1',absent
'GCA_002700515.1_ASM270051v1_genomic',absent
'GCA_002700505.1_ASM270050v1_genomic',absent
'GCA_002704755.1_ASM270475v1_genomic',absent
'GCA_002700545.1_ASM270054v1_genomic',absent
'GCA_002716505.1_ASM271650v1_genomic',absent
'GCA_002715765.1_ASM271576v1_genomic',absent
'GCA_002700265.1_ASM270026v1_genomic',absent
'GCA_002689195.1_ASM268919v1_genomic',absent
'GCA_002721725.1_ASM272172v1_genomic',absent
'GCA_900143635.1',absent
'GCA_900143525.1',absent
'GCA_002709405.1_ASM270940v1_genomic',absent
'GCA_002716265.1_ASM271626v1_genomic',absent
'GCA_002691425.1_ASM269142v1_genomic',absent
'GCA_002708965.1_ASM270896v1_genomic',absent
'GCA_900143535.1',absent
'GCA_900143615.1',absent
'GCA_002702835.1_ASM270283v1_genomic',absent
'GCA_002700325.1_ASM270032v1_genomic',absent
'GCA_002691545.1_ASM269154v1_genomic',absent
'GCA_900143545.1',absent
'GCA_002701395.1_ASM270139v1_genomic',absent
'GCA_002708795.1_ASM270879v1_genomic',absent
'GCA_002697245.1_ASM269724v1_genomic',absent
'GCA_002699695.2_ASM269969v2_genomic',absent
'GCA_002705045.2_ASM270504v2_genomic',absent
'GCA_002238565.1_ASM223856v1_genomic',absent
'GCA_002239085.1_ASM223908v1_genomic',absent
'GCA_002697785.1_ASM269778v1_genomic',absent
'GCA_002704505.1_ASM270450v1_genomic',absent
'GCA_002689395.1_ASM268939v1_genomic',absent
'GCA_002700305.1_ASM270030v1_genomic',absent
'GCA_002722805.1_ASM272280v1_genomic',absent
'GCA_002709595.1_ASM270959v1_genomic',absent
'GCA_002720235.1_ASM272023v1_genomic',absent
'GCA_002689825.1_ASM268982v1_genomic',absent
'GCA_002723155.1_ASM272315v1_genomic',absent
'GCA_002691215.1_ASM269121v1_genomic',absent
'GCA_002701295.1_ASM270129v1_genomic',absent
'GCA_002709235.1_ASM270923v1_genomic',absent
'GCA_002716175.1_ASM271617v1_genomic',absent
'GCA_002704915.1_ASM270491v1_genomic',absent
'GCA_900149685.1',absent
'GCA_002701305.1_ASM270130v1_genomic',absent
'GCA_002723655.1_ASM272365v1_genomic',absent
'GCA_002719495.1_ASM271949v1_genomic',absent
'GCA_900149705.1',absent
'GCA_002700365.1_ASM270036v1_genomic',absent
'GCA_002717105.1_ASM271710v1_genomic',absent
'GCA_002238685.1_ASM223868v1_genomic',absent
'GCA_002722885.1_ASM272288v1_genomic',absent
'GCA_002709065.1_ASM270906v1_genomic',absent
'GCA_002690485.1_ASM269048v1_genomic',absent
'GCA_002716465.1_ASM271646v1_genomic',absent
'GCA_002699085.1_ASM269908v1_genomic',absent
'GCA_002697805.1_ASM269780v1_genomic',absent
'GCA_002691735.1_ASM269173v1_genomic',absent
'GCA_002690995.1_ASM269099v1_genomic',absent
'GCA_002701455.1_ASM270145v1_genomic',absent
'GCA_002238645.1_ASM223864v1_genomic',absent
'GCA_002690685.1_ASM269068v1_genomic',absent
'GCA_002708995.1_ASM270899v1_genomic',absent
'GCA_002705565.1_ASM270556v1_genomic',absent
'GCA_002711555.1_ASM271155v1_genomic',absent
'GCA_002722095.1_ASM272209v1_genomic',absent
'GCA_002716125.1_ASM271612v1_genomic',absent
'GCA_002709955.1_ASM270995v1_genomic',absent
'GCA_002719885.1_ASM271988v1_genomic',absent
'GCA_002720855.1_ASM272085v1_genomic',absent
'GCA_002709075.1_ASM270907v1_genomic',absent
'GCA_002239065.1_ASM223906v1_genomic',absent
'GCA_002717545.1_ASM271754v1_genomic',absent
'GCA_002238725.1_ASM223872v1_genomic',absent
'GCA_002690705.1_ASM269070v1_genomic',absent
'GCA_002709525.1_ASM270952v1_genomic',absent
'GCA_002709445.1_ASM270944v1_genomic',absent
'GCA_002722175.1_ASM272217v1_genomic',absent
'GCA_002717285.1_ASM271728v1_genomic',absent
'GCA_002721295.1_ASM272129v1_genomic',absent
'GCA_002704405.1_ASM270440v1_genomic',absent
'GCA_002709775.1_ASM270977v1_genomic',absent
'GCA_002689305.1_ASM268930v1_genomic',absent
'GCA_002691725.1_ASM269172v1_genomic',absent
'GCA_002691795.1_ASM269179v1_genomic',absent
'GCA_002698075.1_ASM269807v1_genomic',absent
'GCA_002689925.1_ASM268992v1_genomic',absent
'GCA_002722165.1_ASM272216v1_genomic',absent
'GCA_002692055.1_ASM269205v1_genomic',absent
'GCA_002691705.1_ASM269170v1_genomic',absent
'GCA_002717485.1_ASM271748v1_genomic',absent
'GCA_002717245.1_ASM271724v1_genomic',absent
'GCA_002689325.1_ASM268932v1_genomic',absent
'GCA_002691245.1_ASM269124v1_genomic',absent
'GCA_002689845.1_ASM268984v1_genomic',absent
'GCA_002691145.1_ASM269114v1_genomic',absent
'GCA_002720535.1_ASM272053v1_genomic',absent
'GCA_002699795.1_ASM269979v1_genomic',absent
'GCA_002715265.1_ASM271526v1_genomic',absent
'GCA_002715505.1_ASM271550v1_genomic',absent
'GCA_002722055.1_ASM272205v1_genomic',absent
'GCA_002238905.1_ASM223890v1_genomic',absent
'GCA_011087605.1_ASM1108760v1_genomic',absent
'GCA_002719195.1_ASM271919v1_genomic',absent
'GCA_002692285.1_ASM269228v1_genomic',absent
'jk18x22bins.85',absent
'p16x63bins.68',absent
'jk18x22bins.35',absent
'GCA_009838075.1_ASM983807v1_genomic',absent
'jk18x7bins.10',absent
'jk18x7bins.26',absent
'jk18x22bins.107',absent
'GCA_011087945.1_ASM1108794v1_genomic',absent
'jk18x7bins.92',absent
'GCA_009837275.1_ASM983727v1_genomic',absent
'jk18xAbins.20',absent
'jk18x9bins.35',absent
'p16x60bins.67',absent
'p16x44bins.9',absent
'jk18x25bins.33',absent
'jk18x8bins.29',absent
'GCA_011088215.1_ASM1108821v1_genomic',absent
'jk18x27bins.38',absent
'jk18x25bins.17',absent
'GCA_009839325.1_ASM983932v1_genomic',absent
'jk18x34bins.19',absent
'jk18x7bins.108',absent
'p16x57bins.32',absent
'p16x34bins.44',absent
'p16x65bins.31',absent
'jk18xAbins.60',absent
'jk18x25bins.43',absent
'jk18x22bins.16',absent
'jk18x25bins.57',absent
'p16x34bins.43',absent
'p16x60bins.4',absent
'jk18x9bins.14',absent
'jk18x34bins.26',absent
'jk18x7bins.95',absent
'GCA_002717895.1_ASM271789v1_genomic',absent
'jk18x7bins.67',absent
'jk18x7bins.70',absent
'p16x65bins.48',absent
'jk18x9bins.50',absent
'GCA_011087645.1_ASM1108764v1_genomic',absent
'p16x34bins.1',absent
'GCA_009838215.1_ASM983821v1_genomic',absent
'jk18x7bins.47',absent
'p16x63bins.72',absent
'p16x43bins.13',absent
'p16x63bins.20',absent
'p16x60bins.17',absent
'p16x34bins.47',absent
'GCA_002702705.1_ASM270270v1_genomic',absent
'GCA_002238485.1_ASM223848v1_genomic',absent
'GCA_002699585.1_ASM269958v1_genomic',absent
'GCA_002702065.1_ASM270206v1_genomic',absent
'GCA_002699125.1_ASM269912v1_genomic',absent
'GCA_002238445.1_ASM223844v1_genomic',absent
'GCA_002238555.1_ASM223855v1_genomic',absent
'jk18x44bins.10',absent
'jk18x9bins.15',absent
'jk18x22bins.106',absent
'GCA_009840575.1_ASM984057v1_genomic',absent
'jk18x7bins.73',absent
'jk18x25bins.25',absent
'jk18x7bins.101',absent
'jk18x22bins.90',absent
'jk18x8bins.27',absent
'p16x33bins.47',absent
'jk18xAbins.45',absent
'p16x65bins.28',absent
'p16x44bins.21',absent
'jk18x7bins.23',absent
'jk18x1bzbins.63',absent
'jk18x11bins.51',absent
'GCA_009841405.1_ASM984140v1_genomic',absent
'jk18x7bins.24',absent
'jk18x27bins.46',absent
'jk18x8bins.18',absent
'p16x33bins.3',absent
'jk18x22bins.39',absent
'p16x43bins.57',absent
'p16x65bins.10',absent
'p16x60bins.18',absent
'jk18x9bins.61',absent
'jk18x22bins.101',absent
'p16x34bins.65',absent
'GCA_009843665.1_ASM984366v1_genomic',absent
'GCA_009840225.1_ASM984022v1_genomic',absent
'jk18x1bzbins.37',absent
'jk18xAbins.67',absent
'jk18x25bins.58',absent
'GCA_009838625.1_ASM983862v1_genomic',absent
'p16x43bins.45',absent
'jk18x40bins.35',absent
'GCA_009841235.1_ASM984123v1_genomic',absent
'GCA_009837805.1_ASM983780v1_genomic',absent
'jk18xAbins.63',absent
'p16x57bins.10',absent
'p16x33bins.39',absent
'jk18x27bins.44',absent
'jk18x9bins.9',absent
'jk18x22bins.14',absent
'jk18x8bins.28',absent
'p16x63bins.29',absent
'jk18x1bzbins.24',absent
'GCA_009839295.1_ASM983929v1_genomic',absent
'GCA_009841145.1_ASM984114v1_genomic',absent
'GCA_002720865.1_ASM272086v1_genomic',absent
'GCA_002722705.1_ASM272270v1_genomic',absent
'GCA_002698895.1_ASM269889v1_genomic',absent
'GCA_002696985.1_ASM269698v1_genomic',absent
'GCA_002719535.1_ASM271953v1_genomic',absent
'GCA_002716225.1_ASM271622v1_genomic',absent
'GCA_002716005.1_ASM271600v1_genomic',absent
'GCA_002708845.1_ASM270884v1_genomic',absent
'GCA_002710945.1_ASM271094v1_genomic',absent
'GCA_002715485.1_ASM271548v1_genomic',absent
'GCA_002698705.1_ASM269870v1_genomic',absent
'GCA_002715605.1_ASM271560v1_genomic',absent
'GCA_002699205.1_ASM269920v1_genomic',absent
'GCA_002711455.1_ASM271145v1_genomic',absent
'GCA_002691645.1_ASM269164v1_genomic',absent
'GCA_002711215.1_ASM271121v1_genomic',absent
'GCA_002705625.1_ASM270562v1_genomic',absent
'GCA_002719315.1_ASM271931v1_genomic',absent
'GCA_002702875.1_ASM270287v1_genomic',absent
'GCA_002711185.1_ASM271118v1_genomic',absent
'GCA_002721275.1_ASM272127v1_genomic',absent
'GCA_002690805.1_ASM269080v1_genomic',absent
'GCA_002238525.1_ASM223852v1_genomic',absent
'GCA_002723075.1_ASM272307v1_genomic',absent
'GCA_002702895.1_ASM270289v1_genomic',absent
'GCA_002691265.1_ASM269126v1_genomic',absent
'GCA_002702745.1_ASM270274v1_genomic',absent
'GCA_002722215.1_ASM272221v1_genomic',absent
'GCA_002701365.1_ASM270136v1_genomic',absent
'GCA_002692065.1_ASM269206v1_genomic',absent
'GCA_002700335.1_ASM270033v1_genomic',absent
'GCA_002704965.1_ASM270496v1_genomic',absent
'GCA_002711125.1_ASM271112v1_genomic',absent
'GCA_002716345.1_ASM271634v1_genomic',absent
'GCA_002697625.1_ASM269762v1_genomic',absent
'GCA_002719895.1_ASM271989v1_genomic',absent
'GCA_002709305.1_ASM270930v1_genomic',absent
'GCA_002691605.1_ASM269160v1_genomic',absent
'GCA_002711135.1_ASM271113v1_genomic',absent
'GCA_002723085.1_ASM272308v1_genomic',absent
'GCA_002716065.1_ASM271606v1_genomic',absent
'GCA_002702365.1_ASM270236v1_genomic',absent
'GCA_002700285.1_ASM270028v1_genomic',absent
'GCA_002722795.1_ASM272279v1_genomic',absent
'GCA_002690915.1_ASM269091v1_genomic',absent
'GCA_002723175.1_ASM272317v1_genomic',absent
'GCA_002717515.1_ASM271751v1_genomic',absent
'GCA_002722245.1_ASM272224v1_genomic',absent
'GCA_002698985.1_ASM269898v1_genomic',absent
'GCA_002708985.1_ASM270898v1_genomic',absent
'GCA_011087845.1_ASM1108784v1_genomic',absent
'GCA_002718645.1_ASM271864v1_genomic',absent
'GCA_002701825.1_ASM270182v1_genomic',absent
'GCA_002711075.1_ASM271107v1_genomic',absent
'GCA_002711205.1_ASM271120v1_genomic',absent
'jk18x40bins.40',absent
'p16x63bins.69',absent
'GCA_009835985.1_ASM983598v1_genomic',absent
'p16x43bins.1',absent
'GCA_009840635.1_ASM984063v1_genomic',absent
'jk18x1bzbins.64',absent
'p16x60bins.21',absent
'jk18x34bins.63',absent
'jk18x22bins.33',absent
'p16x34bins.53',absent
'jk18x7bins.57',absent
'GCA_002238415.1_ASM223841v1_genomic',absent
'jk18x25bins.70',absent
'jk18x40bins.50',absent
'jk18x1bzbins.55',absent
'jk18x1bzbins.34',absent
'jk18x7bins.45',absent
'p16x34bins.60',absent
'jk18x27bins.63',absent
'GCA_002709385.1_ASM270938v1_genomic',absent
'GCA_002701375.1_ASM270137v1_genomic',absent
'GCA_011087905.1_ASM1108790v1_genomic',absent
'GCA_002698505.1_ASM269850v1_genomic',absent
'GCA_001007635.1_ASM100763v1_genomic',absent
'jk18xAbins.61',absent
'jk18x22bins.40',absent
'jk18x7bins.84',absent
'p16x44bins.23',absent
'GCA_009840445.1_ASM984044v1_genomic',absent
'jk18x22bins.65',absent
'jk18xAbins.51',absent
'p16x65bins.39',absent
'jk18x7bins.48',absent
'jk18x1bzbins.87',absent
'p16x60bins.38',absent
'jk18x27bins.71',absent
'p16x34bins.54',absent
'jk18x8bins.2',absent
'GCA_009836025.1_ASM983602v1_genomic',absent
'GCA_002717205.1_ASM271720v1_genomic',absent
'GCA_002701805.1_ASM270180v1_genomic',absent
'GCA_002239045.1_ASM223904v1_genomic',absent
'GCA_002699165.1_ASM269916v1_genomic',absent
'GCA_002700125.1_ASM270012v1_genomic',absent
'GCA_002721615.1_ASM272161v1_genomic',absent
'GCA_002722155.1_ASM272215v1_genomic',absent
'GCA_002715705.1_ASM271570v1_genomic',absent
'GCA_002717465.1_ASM271746v1_genomic',absent
'GCA_002718095.1_ASM271809v1_genomic',absent
'GCA_002238855.1_ASM223885v1_genomic',absent
'GCA_002719675.1_ASM271967v1_genomic',absent
'GCA_002722455.1_ASM272245v1_genomic',absent
'GCA_002721445.1_ASM272144v1_genomic',absent
'GCA_002723415.1_ASM272341v1_genomic',absent
'GCA_002699485.1_ASM269948v1_genomic',absent
'GCA_002721995.1_ASM272199v1_genomic',absent
'GCA_002238505.1_ASM223850v1_genomic',absent
'GCA_002238825.1_ASM223882v1_genomic',absent
'GCA_002723125.1_ASM272312v1_genomic',absent
'GCA_002717565.1_ASM271756v1_genomic',absent
'GCA_002238425.1_ASM223842v1_genomic',absent
'GCA_002720365.1_ASM272036v1_genomic',absent
'GCA_002239025.1_ASM223902v1_genomic',absent
'jk18x34bins.47',absent
'p16x33bins.8',absent
'jk18x27bins.2',absent
'p16x57bins.56',absent
'p16x63bins.25',absent
'jk18x7bins.79',absent
'GCA_009838175.1_ASM983817v1_genomic',absent
'GCA_002716865.1_ASM271686v1_genomic',absent
'GCA_009838465.1_ASM983846v1_genomic',absent
'GCA_009840355.1_ASM984035v1_genomic',absent
'GCA_009838445.1_ASM983844v1_genomic',absent
'GCA_009840025.1_ASM984002v1_genomic',absent
'GCA_009841605.1_ASM984160v1_genomic',absent
'jk18x1bzbins.79',absent
'GCA_009840175.1_ASM984017v1_genomic',absent
'p16x33bins.38',absent
'GCA_009840135.1_ASM984013v1_genomic',absent
'jk18x1bzbins.29',absent
'p16x63bins.3',absent
'GCA_009837355.1_ASM983735v1_genomic',absent
'GCA_009840165.1_ASM984016v1_genomic',absent
'jk18x22bins.99',absent
'jk18x27bins.51',absent
'p16x60bins.58',absent
'jk18x1bzbins.66',absent
'GCA_009838965.1_ASM983896v1_genomic',absent
'p16x34bins.71',absent
'GCA_009841045.1_ASM984104v1_genomic',absent
'GCA_009837285.1_ASM983728v1_genomic',absent
'GCA_009840945.1_ASM984094v1_genomic',absent
'GCA_009840965.1_ASM984096v1_genomic',absent
'GCA_009839925.1_ASM983992v1_genomic',absent
'jk18x40bins.26',absent
'jk18x9bins.53',absent
'jk18x1bzbins.86',absent
'p16x63bins.9',absent
'p16x60bins.9',absent
'GCA_009841435.1_ASM984143v1_genomic',absent
'jk18x25bins.41',absent
'jk18x34bins.55',absent
'GCA_002239005.1_ASM223900v1_genomic',absent
'GCA_002721135.1_ASM272113v1_genomic',absent
'GCA_002709345.1_ASM270934v1_genomic',absent
'GCA_002697375.1_ASM269737v1_genomic',absent
'GCA_002697735.1_ASM269773v1_genomic',absent
'GCA_002721215.1_ASM272121v1_genomic',absent
'GCA_002701445.1_ASM270144v1_genomic',absent
'GCA_002717955.1_ASM271795v1_genomic',absent
'GCA_002705545.1_ASM270554v1_genomic',absent
'GCA_002720735.1_ASM272073v1_genomic',absent
'GCA_002591625.1_ASM259162v1_genomic',absent
'GCA_002702725.1_ASM270272v1_genomic',absent
'GCA_002704305.1_ASM270430v1_genomic',absent
'GCA_002721785.1_ASM272178v1_genomic',absent
'GCA_002699145.1_ASM269914v1_genomic',absent
'GCA_002723335.1_ASM272333v1_genomic',absent
'GCA_002723235.1_ASM272323v1_genomic',absent
'GCA_002704225.1_ASM270422v1_genomic',absent
'GCA_002717125.1_ASM271712v1_genomic',absent
'GCA_002689445.1_ASM268944v1_genomic',absent
'GCA_002697205.1_ASM269720v1_genomic',absent
'GCA_002690865.1_ASM269086v1_genomic',absent
'GCA_002700945.1_ASM270094v1_genomic',absent
'GCA_002705145.1_ASM270514v1_genomic',absent
'GCA_002705325.1_ASM270532v1_genomic',absent
'GCA_002705795.1_ASM270579v1_genomic',absent
'GCA_002716245.1_ASM271624v1_genomic',absent
'GCA_002719735.1_ASM271973v1_genomic',absent
'GCA_002703665.1_ASM270366v1_genomic',absent
'GCA_002715685.1_ASM271568v1_genomic',absent
'GCA_002701315.1_ASM270131v1_genomic',absent
'GCA_002708905.1_ASM270890v1_genomic',absent
'GCA_002701845.1_ASM270184v1_genomic',absent
'GCA_002689965.1_ASM268996v1_genomic',absent
'GCA_002691125.1_ASM269112v1_genomic',absent
'GCA_002691625.1_ASM269162v1_genomic',absent
'GCA_002723205.1_ASM272320v1_genomic',absent
'GCA_002718115.1_ASM271811v1_genomic',absent
'GCA_002721595.1_ASM272159v1_genomic',absent
'GCA_002719855.1_ASM271985v1_genomic',absent
'GCA_002709565.1_ASM270956v1_genomic',absent
'GCA_002718345.1_ASM271834v1_genomic',absent
'GCA_002716545.1_ASM271654v1_genomic',absent
'GCA_002700385.1_ASM270038v1_genomic',absent
'GCA_002722965.1_ASM272296v1_genomic',absent
'GCA_002721545.1_ASM272154v1_genomic',absent
'GCA_002718155.1_ASM271815v1_genomic',absent
'GCA_002721105.1_ASM272110v1_genomic',absent
'GCA_002691465.1_ASM269146v1_genomic',absent
'GCA_009835805.1_ASM983580v1_genomic',absent
'GCA_009837725.1_ASM983772v1_genomic',absent
'GCA_009839505.1_ASM983950v1_genomic',absent
'GCA_009846005.1_ASM984600v1_genomic',absent
'GCA_009839465.1_ASM983946v1_genomic',absent
'jk18x22bins.7',absent
'GCA_002711325.1_ASM271132v1_genomic',absent
'GCA_002720595.1_ASM272059v1_genomic',absent
'p16x34bins.72',absent
'GCA_002702145.1_ASM270214v1_genomic',absent
'GCA_011088095.1_ASM1108809v1_genomic',absent
'jk18x34bins.42',absent
'jk18x11bins.22',absent
'p16x65bins.33',absent
'jk18xAbins.49',absent
'jk18x1bzbins.85',absent
'jk18x7bins.3',absent
'jk18x1bzbins.48',absent
'GCA_011087615.1_ASM1108761v1_genomic',absent
'jk18x27bins.56',absent
'jk18x9bins.76',absent
'GCA_011088265.1_ASM1108826v1_genomic',absent
'GCA_009841725.1_ASM984172v1_genomic',absent
'jk18x22bins.103',absent
'p16x34bins.36',absent
'GCA_002718595.1_ASM271859v1_genomic',absent
'GCA_002238605.1_ASM223860v1_genomic',absent
'GCA_002238865.1_ASM223886v1_genomic',absent
'jk18x27bins.12',absent
'p16x34bins.23',absent
'GCA_009840525.1_ASM984052v1_genomic',absent
'jk18x34bins.3',absent
'jk18x22bins.6',absent
'jk18x25bins.66',absent
'jk18x9bins.46',absent
'GCA_009843015.1_ASM984301v1_genomic',absent
'GCA_009840215.1_ASM984021v1_genomic',absent
'GCA_009844885.1_ASM984488v1_genomic',absent
'jk18x27bins.35',absent
'p16x57bins.24',absent
'GCA_009841475.1_ASM984147v1_genomic',absent
'jk18x11bins.40',absent
'jk18x22bins.63',absent
'GCA_009838975.1_ASM983897v1_genomic',absent
'jk18x9bins.40',absent
'GCA_009841165.1_ASM984116v1_genomic',absent
'jk18x1bzbins.83',absent
'jk18x27bins.47',absent
'jk18x34bins.51',absent
'jk18x9bins.57',absent
'jk18x22bins.97',absent
'GCA_009836005.1_ASM983600v1_genomic',absent
'GCA_009841005.1_ASM984100v1_genomic',absent
'p16x34bins.34',absent
'jk18x34bins.37',absent
'GCA_009845855.1_ASM984585v1_genomic',absent
'jk18x1bzbins.77',absent
'GCA_009841015.1_ASM984101v1_genomic',absent
'GCA_002698995.1_ASM269899v1_genomic',absent
'GCA_002704365.1_ASM270436v1_genomic',absent
'GCA_002698925.1_ASM269892v1_genomic',absent
'GCA_011088285.1_ASM1108828v1_genomic',absent
'GCA_002701785.1_ASM270178v1_genomic',absent
'GCA_002691285.1_ASM269128v1_genomic',absent
'GCA_002708715.1_ASM270871v1_genomic',absent
'GCA_002698235.1_ASM269823v1_genomic',absent
'GCA_002718285.1_ASM271828v1_genomic',absent
'GCA_002715465.1_ASM271546v1_genomic',absent
'GCA_002704685.1_ASM270468v1_genomic',absent
'GCA_002705605.1_ASM270560v1_genomic',absent
'GCA_002718585.1_ASM271858v1_genomic',absent
'GCA_002717625.1_ASM271762v1_genomic',absent
'GCA_002701525.1_ASM270152v1_genomic',absent
'GCA_002705575.1_ASM270557v1_genomic',absent
'GCA_002719095.1_ASM271909v1_genomic',absent
'GCA_002689995.1_ASM268999v1_genomic',absent
'GCA_002698765.1_ASM269876v1_genomic',absent
'GCA_002705365.1_ASM270536v1_genomic',absent
'GCA_002704875.1_ASM270487v1_genomic',absent
'GCA_002238765.1_ASM223876v1_genomic',absent
'GCA_011088105.1_ASM1108810v1_genomic',absent
'jk18x25bins.86',absent
'p16x63bins.21',absent
'GCA_009845765.1_ASM984576v1_genomic',absent
'jk18x25bins.28',absent
'GCA_009841265.1_ASM984126v1_genomic',absent
'GCA_009837395.1_ASM983739v1_genomic',absent
'jk18x1bzbins.19',absent
'jk18x34bins.62',absent
'jk18x7bins.54',absent
'p16x34bins.14',absent
'GCA_009835325.1_ASM983532v1_genomic',absent
'jk18xAbins.29',absent
'p16x57bins.40',absent
'GCA_002690755.1_ASM269075v1_genomic',absent
'GCA_002709295.1_ASM270929v1_genomic',absent
'GCA_002709755.1_ASM270975v1_genomic',absent
'GCA_002711415.1_ASM271141v1_genomic',absent
'GCA_002702575.1_ASM270257v1_genomic',absent
'GCA_002717655.1_ASM271765v1_genomic',absent
'GCA_002689385.1_ASM268938v1_genomic',absent
'GCA_002718515.1_ASM271851v1_genomic',absent
'GCA_002705085.1_ASM270508v1_genomic',absent
'GCA_002723305.1_ASM272330v1_genomic',absent
'GCA_002716625.1_ASM271662v1_genomic',absent
'GCA_002689655.1_ASM268965v1_genomic',absent
'GCA_002690925.1_ASM269092v1_genomic',absent
'GCA_002698965.1_ASM269896v1_genomic',absent
'GCA_002709045.1_ASM270904v1_genomic',absent
'GCA_002701385.1_ASM270138v1_genomic',absent
'GCA_002701545.1_ASM270154v1_genomic',absent
'GCA_002718815.1_ASM271881v1_genomic',absent
'GCA_002723275.1_ASM272327v1_genomic',absent
'GCA_002702655.1_ASM270265v1_genomic',absent
'GCA_002711525.1_ASM271152v1_genomic',absent
'GCA_011087765.1_ASM1108776v1_genomic',absent
'GCA_002703625.1_ASM270362v1_genomic',absent
'GCA_002699025.1_ASM269902v1_genomic',absent
'GCA_002238805.1_ASM223880v1_genomic',absent
'GCA_002711615.1_ASM271161v1_genomic',absent
'GCA_002697445.1_ASM269744v1_genomic',absent
'GCA_002720745.1_ASM272074v1_genomic',absent
'GCA_009836085.1_ASM983608v1_genomic',absent
'p16x33bins.37',absent
'GCA_009842195.1_ASM984219v1_genomic',absent
'GCA_009841335.1_ASM984133v1_genomic',absent
'GCA_009836215.1_ASM983621v1_genomic',absent
'GCA_009838195.1_ASM983819v1_genomic',absent
'GCA_002238925.1_ASM223892v1_genomic',absent
'jk18x1bzbins.73',absent
'GCA_009836625.1_ASM983662v1_genomic',absent
'jk18x27bins.67',absent
'GCA_009838785.1_ASM983878v1_genomic',absent
'jk18x22bins.50',absent
'jk18x40bins.27',absent
'GCA_009843505.1_ASM984350v1_genomic',absent
'p16x34bins.9',absent
'p16x44bins.13',absent
'p16x60bins.57',absent
'GCA_009837885.1_ASM983788v1_genomic',absent
'jk18xAbins.6',absent
'jk18x9bins.56',absent
'jk18x11bins.26',absent
'GCA_009837085.1_ASM983708v1_genomic',absent
'jk18x25bins.51',absent
'GCA_002705055.1_ASM270505v1_genomic',absent
'GCA_002720975.1_ASM272097v1_genomic',absent
'GCA_002701925.1_ASM270192v1_genomic',absent
'GCA_002715585.1_ASM271558v1_genomic',absent
'p16x57bins.17',absent
'jk18x9bins.60',absent
'jk18xAbins.11',absent
'p16x63bins.44',absent
'GCA_009837925.1_ASM983792v1_genomic',absent
'jk18x11bins.6',absent
'p16x43bins.9',absent
'jk18x1bzbins.60',absent
'p16x33bins.19',absent
'p16x34bins.45',absent
'GCA_009840825.1_ASM984082v1_genomic',absent
'GCA_009840385.1_ASM984038v1_genomic',absent
'jk18x27bins.68',absent
'jk18x40bins.16',absent
'jk18xAbins.55',absent
'jk18x22bins.70',absent
'p16x57bins.27',absent
'p16x44bins.42',absent
'p16x65bins.53',absent
'jk18x7bins.100',absent
'jk18x1bzbins.9',absent
'jk18xAbins.3',absent
'GCA_009840555.1_ASM984055v1_genomic',absent
'jk18x7bins.44',absent
'jk18x44bins.5',absent
'jk18x1bzbins.67',absent
'jk18x8bins.21',absent
'GCA_002709665.1_ASM270966v1_genomic',absent
'jk18x7bins.9',absent
'GCA_009841665.1_ASM984166v1_genomic',absent
'jk18x9bins.18',absent
'jk18x1bzbins.42',absent
'p16x60bins.49',absent
'jk18x11bins.7',absent
'jk18x27bins.7',absent
'jk18x34bins.57',absent
'p16x43bins.62',absent
'jk18x22bins.2',absent
'p16x65bins.5',absent
'p16x33bins.50',absent
'p16x34bins.13',absent
'jk18x44bins.8',absent
'jk18x1bzbins.27',absent
'p16x34bins.62',absent
'jk18x25bins.39',absent
'GCA_009840005.1_ASM984000v1_genomic',absent
'GCA_009844535.1_ASM984453v1_genomic',absent
'p16x43bins.30',absent
'jk18x1bzbins.88',absent
'p16x65bins.25',absent
'jk18x22bins.75',absent
'p16x57bins.35',absent
'jk18x34bins.24',absent
'GCA_002716355.1_ASM271635v1_genomic',absent
'jk18x1bzbins.39',absent
'GCA_002721815.1_ASM272181v1_genomic',absent
'GCA_002720175.1_ASM272017v1_genomic',absent
'GCA_002711105.1_ASM271110v1_genomic',absent
'GCA_002238965.1_ASM223896v1_genomic',absent
'p16x63bins.49',absent
'p16x43bins.55',absent
'p16x57bins.38',absent
'GCA_009839615.1_ASM983961v1_genomic',absent
'GCA_011088225.1_ASM1108822v1_genomic',absent
'GCA_002691205.1_ASM269120v1_genomic',absent
'GCA_002719955.1_ASM271995v1_genomic',absent
'GCA_002709205.1_ASM270920v1_genomic',absent
'GCA_002715825.1_ASM271582v1_genomic',absent
'GCA_002709915.1_ASM270991v1_genomic',absent
'GCA_002723015.1_ASM272301v1_genomic',absent
'GCA_002718175.1_ASM271817v1_genomic',absent
'GCA_002721695.1_ASM272169v1_genomic',absent
'GCA_002705125.1_ASM270512v1_genomic',absent
'GCA_002708885.1_ASM270888v1_genomic',absent
'GCA_002698785.1_ASM269878v1_genomic',absent
'GCA_002721895.1_ASM272189v1_genomic',absent
'GCA_002715965.1_ASM271596v1_genomic',absent
'GCA_002690655.1_ASM269065v1_genomic',absent
'GCA_002717045.1_ASM271704v1_genomic',absent
'GCA_002722335.1_ASM272233v1_genomic',absent
'GCA_002721705.1_ASM272170v1_genomic',absent
'GCA_002716045.1_ASM271604v1_genomic',absent
'GCA_002699365.1_ASM269936v1_genomic',absent
'GCA_002690565.1_ASM269056v1_genomic',absent
'GCA_002720815.1_ASM272081v1_genomic',absent
'p16x33bins.71',absent
'p16x34bins.66',absent
'p16x34bins.50',absent
'jk18x25bins.82',absent
'GCA_009843885.1_ASM984388v1_genomic',absent
'GCA_009838525.1_ASM983852v1_genomic',absent
'GCA_002697225.1_ASM269722v1_genomic',absent
'GCA_002709695.1_ASM270969v1_genomic',absent
'GCA_002691715.1_ASM269171v1_genomic',absent
'GCA_002697285.1_ASM269728v1_genomic',absent
'jk18x27bins.53',absent
'jk18x22bins.3',absent
'p16x63bins.74',absent
'jk18x8bins.13',absent
'jk18x9bins.33',absent
'p16x34bins.28',absent
'p16x34bins.5',absent
'jk18x1bzbins.18',absent
'p16x44bins.24',absent
'jk18x22bins.47',absent
'GCA_009843785.1_ASM984378v1_genomic',absent
'GCA_009838805.1_ASM983880v1_genomic',absent
'p16x33bins.23',absent
'jk18xAbins.50',absent
'jk18x1bzbins.25',absent
'p16x44bins.54',absent
'jk18x22bins.10',absent
'p16x65bins.2',absent
'GCA_009839745.1_ASM983974v1_genomic',absent
'jk18xAbins.24',absent
'GCA_009841255.1_ASM984125v1_genomic',absent
'jk18x1bzbins.72',absent
'GCA_009845505.1_ASM984550v1_genomic',absent
'jk18x34bins.7',absent
'jk18x25bins.56',absent
'p16x33bins.15',absent
'p16x44bins.48',absent
'jk18x40bins.9',absent
'p16x65bins.49',absent
'jk18x9bins.85',absent
'jk18x25bins.18',absent
'jk18x7bins.36',absent
'jk18x40bins.22',absent
'jk18x27bins.49',absent
'GCA_009839975.1_ASM983997v1_genomic',absent
'jk18x9bins.65',absent
'p16x63bins.62',absent
'p16x33bins.42',absent
'jk18xAbins.19',absent
'jk18x11bins.12',absent
'jk18x34bins.64',absent
'jk18x22bins.76',absent
'jk18x1bzbins.36',absent
'jk18x7bins.5',absent
'jk18x1bzbins.78',absent
'jk18xAbins.25',absent